File	Title	Rank	Library	Scan No.	RetentionT	Sequence	Prec. Mass	ChargeQuery	Score	CosineSim	MSE_Int	MSE_MZ	spearman_corr	pearson_corr	pearson_log2_corr	Score_2nd	Score_3rd	Validation(FDR)	Mods	Protein	#MatchedPeaksQueryFraction	#MatchedPeaksLibFraction	SumMatchedIntQueryFraction	SumMatchedIntLibFraction	Unnamed: 25
01277_A01_P013129_S00_N01_R1	controllerType=0 controllerNumber=1 scan=19074	1	1	19074	3803.87334	VLTGTPLRPGVSIVSGNTVLAAK	750.779357910156	3+	67.3999	0.9896	0.0048	0.0	0.9429	0.9782	0.8714	2.5133	2.3797	0.01039	0	"""sp|Q9HCK8|CHD8_HUMAN(pre=K,post=V)"""	0.3157894736842105	0.1935483870967742	0.5105078909415829	0.4497057528653053	
01277_A01_P013129_S00_N01_R1	controllerType=0 controllerNumber=1 scan=11629	1	1	11629	2962.22772	NISVASCNSSQVVVAVGR	923.9803	2+	67.3331	0.9741	0.0214	0.0	0.7091	0.8903	0.8654	8.8189	8.5405	0.01039	1/6,C,CAM	"""sp|Q16531|DDB1_HUMAN(pre=K,post=A)"""	0.8333333333333334	0.2325581395348837	0.9520139089153972	0.5932060949223807	
01277_A01_P013129_S00_N01_R1	controllerType=0 controllerNumber=1 scan=27735	1	1	27735	4698.52824	NSGMPPGAAAIAVLPVTLDTPMNRK	846.443420410156	3+	66.9945	0.6059	0.1661	0.0001	0.3263	0.042	0.2019	44.6271	21.3972	0.01039	1/21,M,Oxidation	"""sp|P09417|DHPR_HUMAN(pre=K,post=S)"""	0.3015873015873015	0.1809523809523809	0.4221729463729351	0.5403876682547084	
01277_A01_P013129_S00_N01_R1	controllerType=0 controllerNumber=1 scan=21768	1	1	21768	4078.65738	KGGLIGLAACSIALGK	510.302551269531	3+	66.8109	0.724	0.1929	0.0	0.6783	0.2223	0.4336	37.1632	23.8808	0.01084	1/9,C,CAM	"""sp|Q08AM6|VAC14_HUMAN(pre=R,post=D)"""	0.5	0.2105263157894736	0.7138660417895824	0.4922225395451092	
01277_A01_P013129_S00_N01_R1	controllerType=0 controllerNumber=1 scan=12836	1	1	12836	3128.415	LKVGLQVVAVK	577.388366699219	2+	66.6938	0.9576	0.0055	0.0002	0.3581	0.9491	0.4911	22.4166	13.4977	0.01084	0	"""sp|P10809|CH60_HUMAN(pre=R,post=A)"""	0.6428571428571429	0.25	0.783995553902121	0.4646048963848461	
01277_A01_P013129_S00_N01_R1	controllerType=0 controllerNumber=1 scan=21947	1	1	21947	4096.32684	NLINQMLTINPAKR	547.977416992188	3+	66.2239	0.7677	0.0522	0.0	0.777	0.5136	0.6813	23.67	23.67	0.01084	1/5,M,Oxidation	"""sp|Q13555|KCC2G_HUMAN(pre=K,post=I)"""	0.4594594594594595	0.288135593220339	0.586264789037457	0.5946986118337734	
01277_A01_P013129_S00_N01_R1	controllerType=0 controllerNumber=1 scan=15173	1	1	15173	3397.33806	CLTQSGIAGGYKPFNLETCR	758.0354	3+	66.1195	0.8917	0.0479	0.0	0.5025	0.7451	0.4673	15.6375	11.7924	0.01084	2/0,C,CAM/18,C,CAM	"""sp|P30626|SORCN_HUMAN(pre=R,post=L)"""	0.4047619047619047	0.1634615384615384	0.6463078212693016	0.5564616033340485	
01277_A01_P013129_S00_N01_R1	controllerType=0 controllerNumber=1 scan=19156	1	1	19156	3812.09004	RYPLSGMGLPTFK	489.600402832031	3+	66.0348	0.8193	0.089	0.0	0.6319	0.4288	0.6332	34.5205	25.3412	0.01084	0	"""sp|O00116|ADAS_HUMAN(pre=K,post=E)"""	0.3611111111111111	0.1780821917808219	0.5452184873577598	0.4614130041634295	
01277_A01_P013129_S00_N01_R1	controllerType=0 controllerNumber=1 scan=16466	1	1	16466	3534.37662	AVASAAAALVLK	542.841857910156	2+	65.678	0.8948	0.02	0.0001	0.5729	0.8402	0.6702	30.4598	20.078	0.01084	0	"""sp|Q9Y490|TLN1_HUMAN(pre=K,post=A)"""	0.4878048780487805	0.3333333333333333	0.6139638511515777	0.5702569745053563	
01277_A01_P013129_S00_N01_R1	controllerType=0 controllerNumber=1 scan=21104	1	1	21104	4010.5248	LAVNMVPFPR	572.321350097656	2+	65.5779	0.7358	0.0624	0.0001	0.275	0.5449	0.3293	28.5904	27.5769	0.01084	0	"""sp|Q13509|TBB3_HUMAN(pre=K,post=L)"""	0.5365853658536586	0.3548387096774194	0.4900744985409646	0.696581344111689	
01277_A01_P013129_S00_N01_R1	controllerType=0 controllerNumber=1 scan=18442	1	1	18442	3738.94908	KTSLSFLNRPDLPNLAYK	520.0433	4+	65.5699	0.9189	0.0301	0.0	0.6932	0.7992	0.652	17.9961	13.9256	0.01084	0	"""sp|Q9NUJ1|ABHDA_HUMAN(pre=Q,post=K)"""	0.625	0.25	0.5429450848043587	0.4743593020732901	
01277_A01_P013129_S00_N01_R1	controllerType=0 controllerNumber=1 scan=29931	1	1	29931	4923.70206	VDFSLAGALNAGFK	705.375366210938	2+	65.5201	0.9343	0.0293	0.0	0.2571	0.8635	0.5414	31.0163	23.638	0.01084	0	"""sp|P14136|GFAP_HUMAN(pre=R,post=E)"""	0.2631578947368421	0.2054794520547945	0.2952106088107512	0.584604914007015	
01277_A01_P013129_S00_N01_R1	controllerType=0 controllerNumber=1 scan=31028	1	1	31028	5040.05058	SLPLNPKPFLNGLTGKPVMVK	764.776245117188	3+	65.5018	0.8651	0.0723	0.0001	0.5647	0.4634	0.4014	19.4503	9.8021	0.01084	1/0,S,Acetyl	"""sp|P62306|RUXF_HUMAN(pre=-,post=L)"""	0.2857142857142857	0.1269841269841269	0.1571070423390564	0.3549000718763813	
01277_A01_P013129_S00_N01_R1	controllerType=0 controllerNumber=1 scan=17051	1	1	17051	3596.8653	WKPPMIDNPSYQGIWKPR	743.715270996094	3+	65.4967	0.7723	0.1162	0.0001	0.5173	0.5219	0.5336	11.4164	11.3102	0.01084	1/4,M,Oxidation	"""sp|P27824|CALX_HUMAN(pre=K,post=K)"""	0.3225806451612903	0.1834862385321101	0.6482684425938958	0.4904545212464634	
01277_A01_P013129_S00_N01_R1	controllerType=0 controllerNumber=1 scan=25406	1	1	25406	4455.00744	SKFGANAILGVSLAVCK	867.988342285156	2+	65.459	0.924	0.0455	0.0001	0.6853	0.8424	0.7315	24.3172	22.8409	0.01084	1/15,C,CAM	"""sp|P06733|ENOA_HUMAN(pre=K,post=A)"""	0.3333333333333333	0.32	0.4829868123233846	0.7044023814745553	
01277_A01_P013129_S00_N01_R1	controllerType=0 controllerNumber=1 scan=22534	1	1	22534	4156.76766	PPSKPTVNIPSSATIGNR	918.495788574219	2+	65.1139	0.7406	0.0545	0.0004	0.426	0.6874	0.48	24.9079	24.8384	0.01084	0	"""sp|Q9Y624|JAM1_HUMAN(pre=V,post=A)"""	0.1489361702127659	0.1468531468531468	0.3230051067532313	0.4081276988056336	
01277_A01_P013129_S00_N01_R1	controllerType=0 controllerNumber=1 scan=23582	1	1	23582	4266.73362	KSVSAFAPICNPVLCPWGK	1066.0465	2+	64.7574	0.9793	0.0097	0.0002	0.5	0.9529	0.8122	17.9076	8.5405	0.0119	2/9,C,CAM/14,C,CAM	"""sp|P10768|ESTD_HUMAN(pre=Y,post=K)"""	0.7333333333333333	0.1964285714285714	0.8890822881488896	0.2257718173903211	
01277_A01_P013129_S00_N01_R1	controllerType=0 controllerNumber=1 scan=22483	1	1	22483	4151.27544	GIRPAINVGLSVSR	480.289215087891	3+	64.6146	0.5684	0.1348	0.0002	0.4341	0.206	0.4214	29.7404	25.3491	0.0119	0	"""sp|P25705|ATPA_HUMAN(pre=K,post=V)"""	0.26	0.1830985915492957	0.3719331134081386	0.5061357591201626	
01277_A01_P013129_S00_N01_R1	controllerType=0 controllerNumber=1 scan=29058	1	1	29058	4834.79778	MSPPQLALNPSALLSR	847.968200683594	2+	64.6141	0.979	0.0063	0.0	0.5758	0.9694	0.736	39.1635	25.4731	0.0119	0	"""sp|Q9UGM5|FETUB_HUMAN(pre=A,post=G)"""	0.4	0.1886792452830188	0.6318319182569705	0.6304507307827125	
01277_A01_P013129_S00_N01_R1	controllerType=0 controllerNumber=1 scan=15629	1	1	15629	3445.6371	HLGSPATSVPGMGLHPPGPPLARPILPR	568.518127441406	5+	64.3511	0.933	0.0331	0.0	0.8762	0.8231	0.831	23.9962	10.1477	0.01242	1/11,M,Oxidation	"""sp|Q9C0E8|LNP_HUMAN(pre=R,post=E)"""	0.5454545454545454	0.2432432432432432	0.694805101199248	0.6577072190539934	
01277_A01_P013129_S00_N01_R1	controllerType=0 controllerNumber=1 scan=19428	1	1	19428	3839.9955	HLGSPATSVPGMGLHPPGPPLARPILPR	706.3974609375	4+	63.9819	0.8908	0.0468	0.0002	0.9	0.7387	0.8141	25.5062	11.3087	0.01242	0	"""sp|Q9C0E8|LNP_HUMAN(pre=R,post=E)"""	0.4318181818181818	0.1844660194174757	0.7017819000548292	0.5808370718168882	
01277_A01_P013129_S00_N01_R1	controllerType=0 controllerNumber=1 scan=18821	1	1	18821	3777.23556	KILGSGISSSSVLHGMVFK	649.690612792969	3+	63.6137	0.7916	0.0954	0.0002	0.214	0.1539	0.2239	36.4555	19.5624	0.01294	0	"""sp|P50990|TCPQ_HUMAN(pre=C,post=K)"""	0.282051282051282	0.2716049382716049	0.1979349685909337	0.519301711265162	
01277_A01_P013129_S00_N01_R1	controllerType=0 controllerNumber=1 scan=20758	1	1	20758	3974.27268	GGNVGINSFGFGGSNVHIILRPNTQPPPAPAPHATLPR	772.413391113281	5+	63.4593	0.8489	0.0809	0.0001	0.4228	0.1663	0.292	21.5293	19.5473	0.01345	0	"""sp|P49327|FAS_HUMAN(pre=R,post=L)"""	0.38	0.1532258064516129	0.2180466498850674	0.3318565339915648	
01277_A01_P013129_S00_N01_R1	controllerType=0 controllerNumber=1 scan=27111	1	1	27111	4632.69822	GIRPAINVGLSVSR	480.289916992188	3+	63.2759	0.9808	0.0092	0.0001	0.4182	0.957	0.8229	21.2364	19.6684	0.01345	0	"""sp|P25705|ATPA_HUMAN(pre=K,post=V)"""	0.303030303030303	0.1408450704225352	0.336108660493578	0.4515774056604583	
01277_A01_P013129_S00_N01_R1	controllerType=0 controllerNumber=1 scan=19101	1	1	19101	3806.44872	FTVHIPALNNSPQLK	560.317504882813	3+	63.1679	0.8012	0.0887	0.0	0.6014	0.5154	0.5741	33.0804	25.0652	0.01345	0	"""sp|Q9NRS6|SNX15_HUMAN(pre=R,post=E)"""	0.3666666666666666	0.3142857142857143	0.4311419375805303	0.6693379269323615	
01277_A01_P013129_S00_N01_R1	controllerType=0 controllerNumber=1 scan=31128	1	1	31128	5050.59756	LISPRDFVDLVLVK	538.662902832031	3+	62.7905	0.8882	0.0464	0.0004	0.7273	0.8379	0.8285	18.9471	13.027	0.01396	0	"""sp|Q9NSY2|STAR5_HUMAN(pre=K,post=R)"""	0.24	0.2553191489361702	0.5491430219636827	0.5257765828793396	
01277_A01_P013129_S00_N01_R1	controllerType=0 controllerNumber=1 scan=26914	1	1	26914	4611.62346	AIFMIPTNPPPTFR	801.430480957031	2+	62.7221	0.9491	0.0149	0.0	0.4476	0.8872	0.5814	21.1453	20.7371	0.01396	0	"""sp|Q13188|STK3_HUMAN(pre=R,post=K)"""	0.48	0.1538461538461538	0.384873454324603	0.3952192762494971	
01277_A01_P013129_S00_N01_R1	controllerType=0 controllerNumber=1 scan=23937	1	1	23937	4304.01336	MVSAVLQFGNIALKR	549.652770996094	3+	62.5659	0.6478	0.0719	0.0001	0.6301	0.3116	0.5054	32.1724	21.2521	0.01396	0	"""sp|Q7Z406|MYH14_HUMAN(pre=R,post=E)"""	0.2631578947368421	0.4166666666666667	0.377869047635286	0.7270253945051108	
01277_A01_P013129_S00_N01_R1	controllerType=0 controllerNumber=1 scan=20376	1	1	20376	3935.99754	MLTPAFHFNILKPYMK	496.5138	4+	62.159	0.9012	0.0441	0.0001	0.473	0.6799	0.5454	11.8593	10.1946	0.01448	2/0,M,Oxidation/14,M,Oxidation	"""sp|P78329|CP4F2_HUMAN(pre=R,post=I)"""	0.3617021276595745	0.2394366197183098	0.4206076361378748	0.4457369654789278	
01277_A01_P013129_S00_N01_R1	controllerType=0 controllerNumber=1 scan=30013	1	1	30013	4932.17736	GIRPAINVGLSVSR	480.288360595703	3+	61.9968	0.9486	0.0448	0.0001	0.7714	0.8357	0.839	24.3777	24.0711	0.01496	0	"""sp|P25705|ATPA_HUMAN(pre=K,post=V)"""	0.2	0.0845070422535211	0.2563521356939801	0.3932678660261356	
01277_A01_P013129_S00_N01_R1	controllerType=0 controllerNumber=1 scan=18563	1	1	18563	3750.951	KNPSSPLYTTLGVITK	573.663818359375	3+	61.9948	0.7971	0.0676	0.0002	0.4321	0.503	0.5176	22.6991	18.828	0.01496	0	"""sp|O95478|NSA2_HUMAN(pre=K,post=G)"""	0.3333333333333333	0.2205882352941176	0.4374647756801144	0.5475843817168327	
01277_A01_P013129_S00_N01_R1	controllerType=0 controllerNumber=1 scan=14810	1	1	14810	3356.63262	VNNSSLIGVGYTQTLRPGVK	701.7261	3+	61.5531	0.8929	0.0523	0.0001	0.6429	0.673	0.6628	20.5955	14.8429	0.01496	0	"""sp|P45880|VDAC2_HUMAN(pre=K,post=L)"""	0.4883720930232558	0.175	0.4213920745947073	0.2805655455625672	
01277_A01_P013129_S00_N01_R1	controllerType=0 controllerNumber=1 scan=20475	1	1	20475	3945.78252	GIRPAINVGLSVSR	480.289276123047	3+	61.5187	0.9279	0.0301	0.0	0.4893	0.8448	0.5799	19.6192	19.12	0.01496	0	"""sp|P25705|ATPA_HUMAN(pre=K,post=V)"""	0.3947368421052631	0.2112676056338028	0.4257077740802798	0.5826525711712199	
01277_A01_P013129_S00_N01_R1	controllerType=0 controllerNumber=1 scan=20791	1	1	20791	3977.51892	TTLYSLMMKPIQR	527.956237792969	3+	61.4783	0.688	0.1118	0.0	0.5347	0.2511	0.3951	28.7346	25.0232	0.01496	0	"""sp|O15013|ARHGA_HUMAN(pre=R,post=F)"""	0.3492063492063492	0.3384615384615385	0.5139275780225422	0.694511644210374	
01277_A01_P013129_S00_N01_R1	controllerType=0 controllerNumber=1 scan=17874	1	1	17874	3681.66942	LKLSILYPATTGR	478.289825439453	4+	61.4105	0.7495	0.0789	0.0002	0.575	0.5547	0.585	33.4283	13.8379	0.01496	0	"""sp|P30041|PRDX6_HUMAN(pre=K,post=N)"""	0.2542372881355932	0.2205882352941176	0.4841732240015657	0.6252004515614852	
01277_A01_P013129_S00_N01_R1	controllerType=0 controllerNumber=1 scan=25518	1	1	25518	4466.28798	GQVPPLVTTNFLVK	756.946105957031	2+	60.8678	0.895	0.0261	0.0001	0.1978	0.8301	0.2371	26.6893	25.6037	0.01545	0	"""sp|P53992|SC24C_HUMAN(pre=R,post=D)"""	0.3714285714285714	0.1262135922330097	0.606023565678093	0.4987112649355454	
01277_A01_P013129_S00_N01_R1	controllerType=0 controllerNumber=1 scan=26232	1	1	26232	4537.27014	LPIPRPGEVLGLVGTNGIGK	663.063049316406	2+	60.5609	0.73	0.1285	0.0001	0.6538	0.2631	0.5237	39.3284	23.6743	0.01545	0	"""sp|P61221|ABCE1_HUMAN(pre=R,post=S)"""	0.3421052631578947	0.13	0.385204523842988	0.4058205789756521	
01277_A01_P013129_S00_N01_R1	controllerType=0 controllerNumber=1 scan=20297	1	1	20297	3928.03284	TFTVSSSVTFQVTR	780.403503417969	3+	60.3055	0.6427	0.1125	0.0002	0.8596	0.5396	0.6665	21.2773	21.0959	0.01545	0	"""sp|Q8N126|CADM3_HUMAN(pre=K,post=E)"""	0.2567567567567567	0.2375	0.3271882212753342	0.5539611119008556	
01277_A01_P013129_S00_N01_R1	controllerType=0 controllerNumber=1 scan=20309	1	1	20309	3929.40738	KNFATSLYSMIK	473.584167480469	3+	60.1358	0.5242	0.1103	0.0001	0.6403	0.1679	0.5483	32.2225	26.5127	0.01596	1/9,M,Oxidation	"""sp|P08758|ANXA5_HUMAN(pre=R,post=G)"""	0.3333333333333333	0.46	0.511430824887298	0.7765217845900938	
01277_A01_P013129_S00_N01_R1	controllerType=0 controllerNumber=1 scan=6393	1	1	6393	1815.90288	GLSATVTGGQK	509.780029296875	4+	59.9226	0.9073	0.1394	0.0	0.7	0.7171	0.8448	23.4992	20.1369	0.01596	0	"""sp|P60201|MYPR_HUMAN(pre=K,post=G)"""	0.3846153846153846	0.0806451612903225	0.4478915792983623	0.390464248384323	
01277_A01_P013129_S00_N01_R1	controllerType=0 controllerNumber=1 scan=18910	1	1	18910	3786.24624	MSIFGHSMGGHGALICALK	497.499572753906	4+	59.9001	0.77	0.0765	0.0001	0.45	0.3643	-0.0026	12.468	9.1194	0.01596	1/15,C,CAM	"""sp|P10768|ESTD_HUMAN(pre=R,post=N)"""	0.5	0.1630434782608695	0.5983937254465429	0.36512774871054	
01277_A01_P013129_S00_N01_R1	controllerType=0 controllerNumber=1 scan=25085	1	1	25085	4422.4899	QPMKPTYAIPIIPITNSSQFK	792.101684570313	3+	59.6933	0.3905	0.0809	0.0002	0.4469	0.1228	0.3855	15.5206	12.1772	0.01646	0	"""sp|Q9H2F5|EPC1_HUMAN(pre=R,post=H)"""	0.2427184466019417	0.2840909090909091	0.4111967905139767	0.6587779489599265	
01277_A01_P013129_S00_N01_R1	controllerType=0 controllerNumber=1 scan=12216	1	1	12216	3049.55052	QISRPSAAGINLMIGSTR	630.007385253906	3+	59.6496	0.886	0.0624	0.0001	0.4901	0.6371	0.5234	15.1124	12.4276	0.01646	1/12,M,Oxidation	"""sp|Q08211|DHX9_HUMAN(pre=R,post=Y)"""	0.5	0.1647058823529411	0.337832628681153	0.3766954201127867	
01277_A01_P013129_S00_N01_R1	controllerType=0 controllerNumber=1 scan=12838	1	1	12838	3128.57508	GVTIPYRPKPSSSPVIFAGGQDR	608.079833984375	4+	59.5714	0.9409	0.0143	0.0	0.5737	0.8808	0.6777	9.8021	4.1396	0.01646	0	"""sp|Q15366|PCBP2_HUMAN(pre=K,post=Y)"""	0.4523809523809524	0.2602739726027397	0.3728522594303785	0.5431947307791447	
01277_A01_P013129_S00_N01_R1	controllerType=0 controllerNumber=1 scan=22035	1	1	22035	4105.23252	GIRPAINVGLSVSR	480.288879394531	3+	59.0457	0.9237	0.0417	0.0001	0.7727	0.8121	0.6684	25.8297	24.4649	0.01699	0	"""sp|P25705|ATPA_HUMAN(pre=K,post=V)"""	0.2558139534883721	0.1549295774647887	0.3239571604375625	0.5090125237065328	
01277_A01_P013129_S00_N01_R1	controllerType=0 controllerNumber=1 scan=22786	1	1	22786	4182.61194	KEVVEEAENGRDAPANGN	949.953369140625	2+	58.8728	0.6948	0.0652	0.0007	0.2506	0.5801	0.4526	19.0929	17.785	0.01747	0	"""sp|P06454|PTMA_HUMAN(pre=K,post=A)"""	0.1653543307086614	0.1590909090909091	0.3537269714011986	0.4407625122438972	
01277_A01_P013129_S00_N01_R1	controllerType=0 controllerNumber=1 scan=9832	1	1	9832	2653.03074	KLLIIGTTSR	551.354553222656	2+	58.8177	0.9438	0.022	0.0	0.8167	0.8597	0.7246	28.2645	27.6422	0.01747	0	"""sp|P46459|NSF_HUMAN(pre=R,post=K)"""	0.3	0.1428571428571428	0.2356630230117075	0.4652313499687367	
01277_A01_P013129_S00_N01_R1	controllerType=0 controllerNumber=1 scan=28073	1	1	28073	4732.7934	THTCPPCPAPELLGGPSVFLFPPKPK	711.867431640625	4+	58.6923	0.9388	0.0231	0.0	0.8294	0.8421	0.8303	11.9365	11.4637	0.01747	2/3,C,CAM/6,C,CAM	"""sp|P01857|IGHG1_HUMAN(pre=K,post=D)"""	0.3636363636363636	0.1212121212121212	0.3810997967593112	0.4054351222297585	
01277_A01_P013129_S00_N01_R1	controllerType=0 controllerNumber=1 scan=26791	1	1	26791	4598.99856	ALGAGVTALSHPLLYVK	570.672790527344	3+	58.4362	0.8791	0.0682	0.0004	0.5253	0.7204	0.5896	22.7692	21.0838	0.01747	0	"""sp|Q9NZJ7|MTCH1_HUMAN(pre=V,post=L)"""	0.358974358974359	0.175	0.4993936205520136	0.301362878231967	
01277_A01_P013129_S00_N01_R1	controllerType=0 controllerNumber=1 scan=25535	1	1	25535	4468.06812	LPVPASAPIPFFHR	516.962280273438	3+	58.0215	0.9733	0.0069	0.0	0.7846	0.9448	0.8417	33.4474	18.8735	0.0201	0	"""sp|Q8WWI5|CTL1_HUMAN(pre=K,post=C)"""	0.4666666666666667	0.1866666666666666	0.4962952456989534	0.5557833690030755	
01277_A01_P013129_S00_N01_R1	controllerType=0 controllerNumber=1 scan=30731	1	1	30731	5009.08392	SLPLNPKPFLNGLTGK	869.49951171875	3+	57.9153	0.7469	0.2457	0.0	0.4	0.4467	0.2162	17.363	10.1946	0.02061	1/0,S,Acetyl	"""sp|P62306|RUXF_HUMAN(pre=-,post=P)"""	0.2340425531914893	0.1208791208791208	0.5379646074305874	0.4668916558564079	
01277_A01_P013129_S00_N01_R1	controllerType=0 controllerNumber=1 scan=15313	1	1	15313	3412.53096	AKIPGTGALASAAAAVSGSK	576.661315917969	3+	57.7053	0.9065	0.0634	0.0	0.6484	0.7833	0.6638	29.9715	22.2452	0.02159	0	"""sp|O75298|RTN2_HUMAN(pre=R,post=A)"""	0.3888888888888889	0.208955223880597	0.2806537763289217	0.5651466509215063	
01277_A01_P013129_S00_N01_R1	controllerType=0 controllerNumber=1 scan=20328	1	1	20328	3931.3326	KKNVIQSVLQAIR	499.64794921875	3+	57.6749	0.4523	0.0944	0.0002	0.1946	0.147	0.2444	19.8844	14.7452	0.02159	0	"""sp|Q7L576|CYFP1_HUMAN(pre=K,post=K)"""	0.4464285714285714	0.3333333333333333	0.6883103180634585	0.650845504595651	
01277_A01_P013129_S00_N01_R1	controllerType=0 controllerNumber=1 scan=25005	1	1	25005	4414.59324	KFANSLVGVQQQLQAFNTYR	771.413330078125	3+	57.5899	0.7723	0.1193	0.0001	0.3846	0.3428	0.192	16.9524	16.3535	0.02159	0	"""sp|Q01082|SPTB2_HUMAN(pre=R,post=T)"""	0.2222222222222222	0.1263157894736842	0.218821536104042	0.3995580011878746	
01277_A01_P013129_S00_N01_R1	controllerType=0 controllerNumber=1 scan=27795	1	1	27795	4704.5826	GLSVPNVHGALAPLAIPSAAAAAAAAGR	832.13427734375	3+	57.5738	0.944	0.008	0.0001	0.4632	0.921	0.5535	4.3082	2.8772	0.02159	0	"""sp|P26599|PTBP1_HUMAN(pre=F,post=I)"""	0.2857142857142857	0.15625	0.2907668711031029	0.4341142115167778	
01277_A01_P013129_S00_N01_R1	controllerType=0 controllerNumber=1 scan=17306	1	1	17306	3622.81224	SYVSSGEMMVGGLAPGR	849.407287597656	2+	57.5336	0.9239	0.0828	0.0	0.6667	0.734	0.7369	12.327	12.327	0.02159	0	"""sp|P14136|GFAP_HUMAN(pre=R,post=R)"""	0.6153846153846154	0.1126760563380281	0.8305836441154755	0.4490814496808236	
01277_A01_P013129_S00_N01_R1	controllerType=0 controllerNumber=1 scan=10401	1	1	10401	2758.76064	KQGGLGPMNIPLVSDPKR	481.518920898438	4+	57.5135	0.5974	0.1863	0.0001	0.2455	-0.1649	-0.1181	11.8877	5.6315	0.02159	1/7,M,Oxidation	"""sp|Q06830|PRDX1_HUMAN(pre=K,post=T)"""	0.34375	0.141025641025641	0.5059388823768035	0.4611438443649425	
01277_A01_P013129_S00_N01_R1	controllerType=0 controllerNumber=1 scan=33088	1	1	33088	5248.0884	ALVFVYGTLKR	654.892456054688	2+	57.2675	0.9469	0.0417	0.0002	0.85	0.9213	0.8367	18.3924	16.5796	0.02204	1/0,A,Acetyl	"""sp|Q9BVM4|GGACT_HUMAN(pre=-,post=G)"""	0.3214285714285714	0.5625	0.3226194995054033	0.845705957581939	
01277_A01_P013129_S00_N01_R1	controllerType=0 controllerNumber=1 scan=32781	1	1	32781	5217.1146	SPFYLRPPSFLR	493.943298339844	6+	56.9611	0.9801	0.0073	0.0	0.9011	0.9561	0.896	13.5278	13.1187	0.02204	0	"""sp|P02511|CRYAB_HUMAN(pre=L,post=A)"""	0.4333333333333333	0.1857142857142857	0.6443546364797601	0.6346646813847495	
01277_A01_P013129_S00_N01_R1	controllerType=0 controllerNumber=1 scan=18239	1	1	18239	3718.31772	LVNTLNTIPSLGQSPGPVVVSNNSSAHGSQR	1044.21643066406	3+	56.7987	0.9722	0.0305	0.0	0.3091	0.513	0.4313	15.1369	2.387	0.02204	0	"""sp|Q7Z3K3|POGZ_HUMAN(pre=K,post=T)"""	0.7333333333333333	0.0909090909090909	0.7736327872564559	0.1516925644950109	
01277_A01_P013129_S00_N01_R1	controllerType=0 controllerNumber=1 scan=20943	1	1	20943	3993.43026	MDLVTYFGK	537.272338867188	2+	56.7965	0.781	0.1257	0.0	0.2802	0.3175	0.3006	45.5798	36.0497	0.02204	0	"""sp|P09543|CN37_HUMAN(pre=K,post=R)"""	0.4193548387096774	0.325	0.4209662349585493	0.7109088314424272	
01277_A01_P013129_S00_N01_R1	controllerType=0 controllerNumber=1 scan=22597	1	1	22597	4163.64996	NALTTLAGPLTPPVK	746.942199707031	2+	56.6367	0.7068	0.0958	0.0	0.3106	0.3705	0.3378	15.3241	12.1544	0.02252	0	"""sp|Q9H3P2|NELFA_HUMAN(pre=K,post=H)"""	0.2045454545454545	0.2337662337662337	0.0453586120312281	0.6327617525347603	
01277_A01_P013129_S00_N01_R1	controllerType=0 controllerNumber=1 scan=19190	1	1	19190	3815.4225	LASFGGMGTTSSLPSFVGSGNHNPAK	841.079223632813	3+	56.552	0.9444	0.0185	0.0002	0.5594	0.8677	0.6492	24.3918	21.5377	0.02252	0	"""sp|Q14678|KANK1_HUMAN(pre=R,post=H)"""	0.3243243243243243	0.1212121212121212	0.3411798715763736	0.3854788181925915	
01277_A01_P013129_S00_N01_R1	controllerType=0 controllerNumber=1 scan=16194	1	1	16194	3505.17846	VPTANVSVVDLTCRLEKPAK	550.0578	4+	56.5372	0.9236	0.0219	0.0001	0.6286	0.8311	0.6732	27.6635	4.4225	0.023	1/12,C,CAM	"""sp|P04406|G3P_HUMAN(pre=R,post=Y)"""	0.2631578947368421	0.198019801980198	0.1232769501267561	0.3820626580127792	
01277_A01_P013129_S00_N01_R1	controllerType=0 controllerNumber=1 scan=21457	1	1	21457	4046.32992	SKFGANAILGVSLAVCK	578.9924	4+	56.3767	0.5649	0.1671	0.0002	0.28	0.1001	0.2397	12.6185	10.6307	0.023	1/15,C,CAM	"""sp|P06733|ENOA_HUMAN(pre=K,post=A)"""	0.3076923076923077	0.3037974683544304	0.294124119603863	0.5077360983594343	
01277_A01_P013129_S00_N01_R1	controllerType=0 controllerNumber=1 scan=14076	1	1	14076	3274.78416	MMGHRPVLVLSQNTK	584.981506347656	3+	56.2626	0.7971	0.1768	0.0	0.3	-0.0793	0.089	24.5705	22.7449	0.02351	1/0,M,Acetyl	"""sp|P49368|TCPG_HUMAN(pre=-,post=R)"""	0.55	0.1089108910891089	0.6965894266160216	0.319229263043632	
01277_A01_P013129_S00_N01_R1	controllerType=0 controllerNumber=1 scan=11547	1	1	11547	2948.95794	RSYVSSGEMMVGGLAPGRR	503.2566	4+	56.0737	0.4706	0.2248	0.0	0.0412	-0.0999	-0.0727	16.1325	15.2369	0.02398	0	"""sp|P14136|GFAP_HUMAN(pre=R,post=L)"""	0.5333333333333333	0.1839080459770115	0.83450693182254	0.5421038370672028	
01277_A01_P013129_S00_N01_R1	controllerType=0 controllerNumber=1 scan=30599	1	1	30599	4994.94342	RFPVAPLIPYPLITK	863.029113769531	2+	56.046	0.7674	0.0797	0.0	0.7571	0.5923	0.6922	21.7504	17.2277	0.02398	0	"""sp|P49756|RBM25_HUMAN(pre=R,post=E)"""	0.3	0.3125	0.3760122900187208	0.5442202386867702	
01277_A01_P013129_S00_N01_R1	controllerType=0 controllerNumber=1 scan=10727	1	1	10727	2817.28476	ILIRPMYSNPPLNGAR	610.002807617188	3+	55.9347	0.9649	0.0315	0.0	0.7714	0.8439	0.8757	10.1874	3.6449	0.02398	1/5,M,Oxidation	"""sp|P00505|AATM_HUMAN(pre=K,post=I)"""	0.4615384615384615	0.0625	0.7210782766020509	0.3547158497706639	
01277_A01_P013129_S00_N01_R1	controllerType=0 controllerNumber=1 scan=19394	1	1	19394	3836.63778	ARPYLFSNSLPPAVVGCASK	712.040954589844	3+	55.0085	0.3735	0.1351	0.0002	0.6849	0.0733	0.5361	28.5832	28.0796	0.02634	1/16,C,CAM	"""sp|O75600|KBL_HUMAN(pre=R,post=A)"""	0.231578947368421	0.2340425531914893	0.2745303965513196	0.6566448068613943	
01277_A01_P013129_S00_N01_R1	controllerType=0 controllerNumber=1 scan=28635	1	1	28635	4791.8076	IIKPCNHVLSLSFPIRR	513.293884277344	4+	54.8377	0.955	0.0132	0.0001	0.8256	0.9081	0.7915	21.0871	18.2897	0.02634	1/4,C,CAM	"""sp|P00367|DHE3_HUMAN(pre=R,post=D)"""	0.392156862745098	0.2409638554216867	0.467924248189164	0.447923562544176	
01277_A01_P013129_S00_N01_R1	controllerType=0 controllerNumber=1 scan=20661	1	1	20661	3964.42224	INKIPFGIFSR	431.256530761719	3+	54.8117	0.9697	0.0248	0.0	0.8061	0.8949	0.8465	25.6575	22.8838	0.02634	0	"""sp|Q9UQ13|SHOC2_HUMAN(pre=R,post=A)"""	0.3571428571428571	0.2631578947368421	0.3115637514147627	0.5277185712380426	
01277_A01_P013129_S00_N01_R1	controllerType=0 controllerNumber=1 scan=23502	1	1	23502	4258.43118	SVGMIAGGTGITPMLQVIR	967.019409179688	2+	54.7889	0.9045	0.0426	0.0	0.0952	0.724	0.4926	12.1711	10.5221	0.02634	2/3,M,Oxidation/13,M,Oxidation	"""sp|P00387|NB5R3_HUMAN(pre=K,post=A)"""	0.7272727272727273	0.073394495412844	0.7887779799353831	0.1531004638426095	
01277_A01_P013129_S00_N01_R1	controllerType=0 controllerNumber=1 scan=16666	1	1	16666	3555.0012	KVGLYTIYVNPANTHQFAVGGR	602.075073242188	4+	54.7703	0.9361	0.0242	0.0001	0.6923	0.8743	0.7884	19.8816	18.8963	0.02634	0	"""sp|Q5TAQ9|DCAF8_HUMAN(pre=K,post=D)"""	0.5	0.1842105263157894	0.3923740753922221	0.4405274519789224	
01277_A01_P013129_S00_N01_R1	controllerType=0 controllerNumber=1 scan=23077	1	1	23077	4214.89884	TGPLPWPAGFQPR	712.377319335938	2+	54.7498	0.8972	0.0611	0.0	0.6923	0.7907	0.7636	25.2227	21.8432	0.02634	0	"""sp|Q15334|L2GL1_HUMAN(pre=R,post=V)"""	0.2372881355932203	0.2692307692307692	0.3251394072020923	0.65746399119479	
01277_A01_P013129_S00_N01_R1	controllerType=0 controllerNumber=1 scan=17413	1	1	17413	3633.47244	WKPPMIDNPSYQGIWKPR	743.713256835938	3+	54.4511	0.8335	0.1015	0.0	0.6739	0.4927	0.5687	15.5097	10.8823	0.02634	1/4,M,Oxidation	"""sp|P27824|CALX_HUMAN(pre=K,post=K)"""	0.2857142857142857	0.1651376146788991	0.4517332663960682	0.4910673252118511	
01277_A01_P013129_S00_N01_R1	controllerType=0 controllerNumber=1 scan=30647	1	1	30647	4999.84254	FGLYLPLFKPSVSTSK	595.338989257813	3+	54.3915	0.9066	0.0312	0.0	0.5623	0.8129	0.6029	21.8752	21.624	0.02634	0	"""sp|Q9UJS0|CMC2_HUMAN(pre=K,post=A)"""	0.35	0.2307692307692307	0.3698708131277484	0.6179422207796093	
01277_A01_P013129_S00_N01_R1	controllerType=0 controllerNumber=1 scan=31915	1	1	31915	5130.6576	NQGATCYMNSLLQTLFFTNQLRK	922.1256	3+	54.1925	0.9856	0.0072	0.0	0.9643	0.97	0.9736	4.3563	4.2986	0.02634	2/5,C,CAM/7,M,Oxidation	"""sp|Q93009|UBP7_HUMAN(pre=K,post=A)"""	0.5833333333333334	0.4375	0.8155293229824743	0.9173790902633262	
01277_A01_P013129_S00_N01_R1	controllerType=0 controllerNumber=1 scan=31330	1	1	31330	5070.45426	MGLVSCGPPPELPLAQVFGRPR	793.4239	3+	54.1727	0.9902	0.0025	0.0	0.5909	0.9852	0.9036	12.2525	10.8089	0.02634	1/5,C,CAM	"""sp|Q96GW7|PGCB_HUMAN(pre=K,post=L)"""	0.1145833333333333	0.6111111111111112	0.1064921963060986	0.785496486672472	
01277_A01_P013129_S00_N01_R1	controllerType=0 controllerNumber=1 scan=13034	1	1	13034	3152.10168	KRTELFIAAEGIHTGQFVYCGKK	664.103454589844	4+	53.7864	0.9702	0.0209	0.0001	0.6833	0.8388	0.6797	9.8021	9.8021	0.02634	1/19,C,CAM	"""sp|P62917|RL8_HUMAN(pre=K,post=A)"""	0.5294117647058824	0.0947368421052631	0.6402049494911265	0.2530340937557644	
01277_A01_P013129_S00_N01_R1	controllerType=0 controllerNumber=1 scan=19754	1	1	19754	3872.44878	VTIAQGGVLPNIQAVLLPKKTESHHK	556.5268	5+	53.5024	0.9604	0.019	0.0001	0.9009	0.8915	0.8701	12.2108	8.5405	0.02732	0	"""sp|Q6FI13|H2A2A_HUMAN(pre=K,post=A)"""	0.3103448275862069	0.1914893617021276	0.2116853622690245	0.3908845085250505	
01277_A01_P013129_S00_N01_R1	controllerType=0 controllerNumber=1 scan=16542	1	1	16542	3542.3457	TILVYSRPPCQPQFSLTEPMKK	874.1296	3+	53.2924	0.9969	0.0011	0.0	0.8909	0.9967	0.991	9.5726	8.2291	0.02732	1/9,C,CAM	"""sp|Q9NWV8|BABA1_HUMAN(pre=R,post=M)"""	0.5238095238095238	0.2391304347826087	0.8009028732340939	0.329392934083667	
01277_A01_P013129_S00_N01_R1	controllerType=0 controllerNumber=1 scan=24908	1	1	24908	4404.2823	NNLCPSGSNIISNLFK	889.454833984375	2+	53.1539	0.9799	0.007	0.0	0.4818	0.9654	0.8397	24.0062	22.7632	0.02825	1/3,C,CAM	"""sp|P60033|CD81_HUMAN(pre=K,post=E)"""	0.3928571428571428	0.0990990990990991	0.3291660229965506	0.3677084892939524	
01277_A01_P013129_S00_N01_R1	controllerType=0 controllerNumber=1 scan=30980	1	1	30980	5035.14402	MGLVSCGPPPELPLAQVFGRPR	793.4234	3+	53.1094	0.9911	0.0022	0.0	0.6364	0.9868	0.8894	12.3707	10.8042	0.02825	1/5,C,CAM	"""sp|Q96GW7|PGCB_HUMAN(pre=K,post=L)"""	0.1078431372549019	0.6111111111111112	0.1064335227344799	0.785496486672472	
01277_A01_P013129_S00_N01_R1	controllerType=0 controllerNumber=1 scan=28972	1	1	28972	4826.1306	PAPLLLNTPAIPSFK	789.972290039063	2+	53.0762	0.9248	0.0181	0.0	0.7	0.8709	0.6927	18.6214	14.2724	0.02825	0	"""sp|Q9UHK6|AMACR_HUMAN(pre=R,post=R)"""	0.5172413793103449	0.180722891566265	0.4594909469158801	0.5504587139147523	
01277_A01_P013129_S00_N01_R1	controllerType=0 controllerNumber=1 scan=33372	1	1	33372	5277.50604	QPIGVAAVITPWNFPSAMITR	1143.11047363281	2+	52.9695	0.9696	0.0332	0.0	0.8545	0.9177	0.8585	2.9506	1.6141	0.02825	1/17,M,Oxidation	"""sp|P51649|SSDH_HUMAN(pre=K,post=K)"""	0.625	0.0925925925925925	0.7824455858783055	0.2168916691341383	
01277_A01_P013129_S00_N01_R1	controllerType=0 controllerNumber=1 scan=29098	1	1	29098	4838.87574	ALGLVTPAGVLLAGPPGCGK	924.524963378906	3+	52.8588	0.9249	0.0357	0.0	0.5909	0.8244	0.6824	5.1759	4.1269	0.02923	1/17,C,CAM	"""sp|O15381|NVL_HUMAN(pre=K,post=T)"""	0.3333333333333333	0.2075471698113207	0.2374727384227253	0.4357724540858178	
01277_A01_P013129_S00_N01_R1	controllerType=0 controllerNumber=1 scan=11621	1	1	11621	2960.8845	KTVTAMDVVYALKR	537.63720703125	3+	52.6868	0.9645	0.0377	0.0	0.9286	0.89	0.7923	19.7261	12.0737	0.02923	1/5,M,Oxidation	"""sp|P62805|H4_HUMAN(pre=R,post=Q)"""	0.5	0.0714285714285714	0.5280663628134923	0.3519408425429339	
01277_A01_P013129_S00_N01_R1	controllerType=0 controllerNumber=1 scan=13859	1	1	13859	3248.25246	RQFAAQANAIGPWIQNK	638.338806152344	3+	52.5652	0.8757	0.0607	0.0	0.8061	0.5808	0.6001	21.3384	19.4098	0.0297	0	"""sp|P35609|ACTN2_HUMAN(pre=R,post=M)"""	0.3703703703703703	0.119047619047619	0.4216302658159595	0.3667808796234943	
01277_A01_P013129_S00_N01_R1	controllerType=0 controllerNumber=1 scan=29246	1	1	29246	4853.55426	SLSPFYLRPPSFLR	560.648132324219	3+	52.3606	0.768	0.13	0.0	0.2176	0.2798	0.2283	24.1657	23.8894	0.03016	0	"""sp|P02511|CRYAB_HUMAN(pre=T,post=A)"""	0.4210526315789473	0.2857142857142857	0.4919848745797592	0.6797836099461552	
01277_A01_P013129_S00_N01_R1	controllerType=0 controllerNumber=1 scan=15687	1	1	15687	3451.54884	MIMATNRPDTLDPALLRPGRLDR	525.286315917969	5+	52.1544	0.9878	0.0051	0.0	0.6879	0.9754	0.9158	12.9644	11.4848	0.03063	0	"""sp|P62333|PRS10_HUMAN(pre=K,post=K)"""	0.3888888888888889	0.1443298969072164	0.5020681099483368	0.4768171001170841	
01277_A01_P013129_S00_N01_R1	controllerType=0 controllerNumber=1 scan=20433	1	1	20433	3941.38038	QIASQFPPPPTPPAMESQPLKPVPANVAPQSPPAVK	1238.666015625	3+	52.1084	0.8556	0.0626	0.0	0.8091	0.6399	0.7074	4.9894	4.2111	0.03063	0	"""sp|Q70E73|RAPH1_HUMAN(pre=K,post=A)"""	0.6470588235294118	0.1134020618556701	0.7883518713386268	0.165399803710945	
01277_A01_P013129_S00_N01_R1	controllerType=0 controllerNumber=1 scan=13110	1	1	13110	3161.03958	GIRPAINVGLSVSR	719.929870605469	2+	51.7491	0.9841	0.0037	0.0	0.5604	0.9924	0.9104	19.2387	18.2751	0.031	0	"""sp|P25705|ATPA_HUMAN(pre=K,post=V)"""	0.5	0.1171171171171171	0.9705168371110706	0.582980354150762	
01277_A01_P013129_S00_N01_R1	controllerType=0 controllerNumber=1 scan=8079	1	1	8079	2284.33596	AAQVTIQSSGTFSSK	756.3929	2+	51.6869	0.9959	0.0018	0.0	0.7714	0.9943	0.9645	9.9534	9.2136	0.031	0	"""sp|P01023|A2MG_HUMAN(pre=K,post=F)"""	0.375	0.0625	0.5600852320984249	0.197858900155985	
01277_A01_P013129_S00_N01_R1	controllerType=0 controllerNumber=1 scan=32503	1	1	32503	5188.32606	AAPLPPAVFLGLAR	696.923095703125	2+	51.5733	0.9702	0.0113	0.0001	0.7619	0.9524	0.9117	22.4053	22.4053	0.031	0	"""sp|P14324|FPPS_HUMAN(pre=Y,post=K)"""	0.3809523809523809	0.1509433962264151	0.4388366012115527	0.3966408582814534	
01277_A01_P013129_S00_N01_R1	controllerType=0 controllerNumber=1 scan=18044	1	1	18044	3698.92998	VNNSSLIGLGYTQTLKPGIK	1052.09606933594	2+	51.4979	0.9584	0.0067	0.0	0.4853	0.9357	0.6405	33.7847	33.4828	0.031	0	"""sp|P21796|VDAC1_HUMAN(pre=K,post=L)"""	0.25	0.2575757575757575	0.1395451517530994	0.4722010708936969	
01277_A01_P013129_S00_N01_R1	controllerType=0 controllerNumber=1 scan=27663	1	1	27663	4690.85178	KAFCSFQIYAVPWQGTMTLSK	827.072631835938	3+	51.2427	0.8515	0.0593	0.0002	0.4607	0.4038	0.407	20.4693	10.1819	0.03147	2/3,C,CAM/16,M,Oxidation	"""sp|P01034|CYTC_HUMAN(pre=R,post=S)"""	0.2142857142857142	0.1401869158878504	0.1263746688657274	0.4083704807931032	
01277_A01_P013129_S00_N01_R1	controllerType=0 controllerNumber=1 scan=25523	1	1	25523	4466.89758	SIQFVDWCPTGFK	792.8741	4+	51.0213	0.8978	0.0517	0.0002	0.7747	0.6572	0.734	21.0019	15.2038	0.03187	1/7,C,CAM	"""sp|P68363|TBA1B_HUMAN(pre=R,post=V)"""	0.1566265060240964	0.13	0.1331437126200577	0.4500081026018179	
01277_A01_P013129_S00_N01_R1	controllerType=0 controllerNumber=1 scan=17679	1	1	17679	3661.9956	KTVTAMDVVYALKR	532.305114746094	4+	50.9688	0.9068	0.0272	0.0	0.4636	0.7931	0.5734	22.7945	22.6323	0.03187	0	"""sp|P62805|H4_HUMAN(pre=R,post=Q)"""	0.282051282051282	0.1134020618556701	0.3411519528299862	0.3512760574287882	
01277_A01_P013129_S00_N01_R1	controllerType=0 controllerNumber=1 scan=21704	1	1	21704	4072.08036	TFTVSSSVTFQVTR	780.409851074219	3+	50.8878	0.8367	0.1388	0.0002	0.3571	0.574	0.4802	11.8455	10.9944	0.03187	0	"""sp|Q8N126|CADM3_HUMAN(pre=K,post=E)"""	0.1944444444444444	0.0875	0.1645716225173406	0.367897319784165	
01277_A01_P013129_S00_N01_R1	controllerType=0 controllerNumber=1 scan=26573	1	1	26573	4575.60048	QVILTLQPTLVAVGK	790.497314453125	2+	50.7431	0.5983	0.1518	0.0	0.4231	-0.0062	0.0328	10.5996	9.4618	0.03187	0	"""sp|P13598|ICAM2_HUMAN(pre=R,post=S)"""	0.1733333333333333	0.1274509803921568	0.0496814801833773	0.3001024135063662	
01277_A01_P013129_S00_N01_R1	controllerType=0 controllerNumber=1 scan=23332	1	1	23332	4240.90578	NWRPQLLVLVR	465.286743164063	3+	50.3454	0.9257	0.0233	0.0	0.761	0.843	0.8006	22.8544	18.0845	0.03332	0	"""sp|Q9H2X9|S12A5_HUMAN(pre=K,post=V)"""	0.2282608695652173	0.2560975609756097	0.1556229858760064	0.6082139339588732	
01277_A01_P013129_S00_N01_R1	controllerType=0 controllerNumber=1 scan=33384	1	1	33384	5278.6767	TCLITFKPGAFIPGAPVQPVVLR	827.81396484375	3+	50.2624	0.9243	0.0441	0.0002	0.8571	0.7832	0.7198	4.4511	4.4511	0.03332	1/1,C,CAM	"""sp|Q8NF37|PCAT1_HUMAN(pre=R,post=Y)"""	0.2592592592592592	0.0614035087719298	0.3028088659860954	0.2983728342131202	
01277_A01_P013129_S00_N01_R1	controllerType=0 controllerNumber=1 scan=26495	1	1	26495	4567.2882	KGFSYLVTGVTTVGVAYAAK	678.045288085938	3+	50.0642	0.7703	0.0696	0.0002	0.4902	0.4923	0.2822	13.2044	11.1026	0.03379	0	"""sp|P0C7P4|UCRIL_HUMAN(pre=R,post=N)"""	0.2769230769230769	0.1978021978021978	0.2538867604005642	0.4383623145032289	
01277_A01_P013129_S00_N01_R1	controllerType=0 controllerNumber=1 scan=18801	1	1	18801	3775.21104	NHSTSFSLSNLTLPTK	873.957763671875	2+	49.4811	0.9839	0.0063	0.0	0.6818	0.9724	0.8318	13.0972	13.0728	0.03624	0	"""sp|Q8WXG6|MADD_HUMAN(pre=R,post=G)"""	0.5238095238095238	0.141025641025641	0.8228721430394937	0.3637806056141957	
01277_A01_P013129_S00_N01_R1	controllerType=0 controllerNumber=1 scan=19421	1	1	19421	3839.22126	MKLNISFPATGCQKL	569.9704	3+	49.3889	0.8178	0.0887	0.0	0.4341	0.5696	0.2906	23.697	17.5978	0.03665	1/11,C,CAM	"""sp|P62753|RS6_HUMAN(pre=-,post=I)"""	0.2407407407407407	0.1625	0.3753969221120541	0.467705401128813	
01277_A01_P013129_S00_N01_R1	controllerType=0 controllerNumber=1 scan=29294	1	1	29294	4858.6605	PAPELLGGPSVFLFPPKPK	664.384887695313	3+	49.1113	0.9681	0.0081	0.0	0.8182	0.943	0.8354	14.6409	13.0929	0.03713	0	"""sp|P01857|IGHG1_HUMAN(pre=C,post=D)"""	0.2608695652173913	0.16	0.3048504586763434	0.4726378167675556	
01277_A01_P013129_S00_N01_R1	controllerType=0 controllerNumber=1 scan=11591	1	1	11591	2955.96852	YKVCNYGLTFTQK	541.274536132813	3+	49.0519	0.9743	0.0192	0.0001	0.8571	0.9387	0.9077	36.4052	30.9044	0.03746	1/3,C,CAM	"""sp|Q9Y277|VDAC3_HUMAN(pre=K,post=W)"""	0.4117647058823529	0.1228070175438596	0.6073736762731113	0.4753862023728146	
01277_A01_P013129_S00_N01_R1	controllerType=0 controllerNumber=1 scan=29608	1	1	29608	4891.32204	HHGPQTLYLPVTLSSIPVFQR	1195.6630859375	2+	48.9945	0.7035	0.0986	0.0001	0.3649	0.4888	0.412	8.9344	8.9344	0.03746	0	"""sp|Q14697|GANAB_HUMAN(pre=K,post=G)"""	0.2533333333333333	0.1711711711711711	0.1347180312750573	0.6610078439568204	
01277_A01_P013129_S00_N01_R1	controllerType=0 controllerNumber=1 scan=14875	1	1	14875	3363.74418	ASQSVSSYLAWYQQKPGQAPR	784.731567382813	3+	48.9692	0.3667	0.0979	0.0002	0.1364	0.0141	0.0257	19.3075	14.321	0.03746	0	"""sp|P04433|KV311_HUMAN(pre=R,post=L)"""	0.3181818181818182	0.203883495145631	0.2721785697071931	0.4076631528381393	
01277_A01_P013129_S00_N01_R1	controllerType=0 controllerNumber=1 scan=18754	1	1	18754	3770.3976	KFIWNHGITLPLK	522.97802734375	3+	48.9595	0.9125	0.0226	0.0001	0.5353	0.8412	0.4705	16.9042	15.5116	0.03746	0	"""sp|Q15545|TAF7_HUMAN(pre=K,post=N)"""	0.3809523809523809	0.1481481481481481	0.6029271259988835	0.4819894830463446	
01277_A01_P013129_S00_N01_R1	controllerType=0 controllerNumber=1 scan=34746	1	1	34746	5465.84898	LQIAQLYPISIFIKPK	624.71875	3+	48.8264	0.9184	0.0413	0.0	0.8727	0.8211	0.8248	27.8102	5.1589	0.03792	0	"""sp|Q12959|DLG1_HUMAN(pre=R,post=S)"""	0.44	0.1594202898550724	0.3578150592413481	0.3830923236940879	
01277_A01_P013129_S00_N01_R1	controllerType=0 controllerNumber=1 scan=28628	1	1	28628	4791.04032	NNLCPSGSNIISNLFK	889.452880859375	2+	48.4935	0.9033	0.0444	0.0002	0.4182	0.8267	0.5578	22.6463	10.1375	0.03884	1/3,C,CAM	"""sp|P60033|CD81_HUMAN(pre=K,post=E)"""	0.7333333333333333	0.0990990990990991	0.8632106607735086	0.3706824289052925	
01277_A01_P013129_S00_N01_R1	controllerType=0 controllerNumber=1 scan=5626	1	1	5626	1586.95182	GLSATVTGGQK	509.781127929688	2+	48.4253	0.9603	0.0139	0.0	0.8818	0.9334	0.8735	23.0948	15.2707	0.03884	0	"""sp|P60201|MYPR_HUMAN(pre=K,post=G)"""	0.6111111111111112	0.1774193548387097	0.4838868269114691	0.4711169119190397	
01277_A01_P013129_S00_N01_R1	controllerType=0 controllerNumber=1 scan=16897	1	1	16897	3579.9258	LKAGVAAPATQVAQVTLQSVQR	746.0995	4+	48.1753	0.7168	0.1168	0.0001	-0.0208	0.1863	0.0638	9.0311	8.0155	0.03913	0	"""sp|Q15149|PLEC_HUMAN(pre=R,post=R)"""	0.2079207920792079	0.2058823529411764	0.1443594191023779	0.2797705704448806	
01277_A01_P013129_S00_N01_R1	controllerType=0 controllerNumber=1 scan=28481	1	1	28481	4775.4651	KAIIIFVPVPQLK	733.480651855469	2+	48.1452	0.7947	0.1028	0.0003	0.5273	0.4981	0.5345	11.6791	10.1785	0.03913	0	"""sp|P62081|RS7_HUMAN(pre=R,post=S)"""	0.4230769230769231	0.127906976744186	0.595106947385505	0.3873717559188615	
01277_A01_P013129_S00_N01_R1	controllerType=0 controllerNumber=1 scan=16829	1	1	16829	3572.62572	SNGLESLSPEFLRPVPQLR	713.728	3+	48.1349	0.9156	0.0373	0.0003	0.6014	0.8013	0.6741	20.2363	19.6469	0.03913	0	"""sp|P02750|A2GL_HUMAN(pre=S,post=V)"""	0.3157894736842105	0.1333333333333333	0.4216213007553236	0.3318303538004455	
01277_A01_P013129_S00_N01_R1	controllerType=0 controllerNumber=1 scan=17057	1	1	17057	3597.55482	TSWAGAPVHLGQGQFLK	599.656677246094	3+	48.1171	0.7603	0.0553	0.0001	0.2882	0.5254	0.4601	22.0891	20.0723	0.03913	0	"""sp|P48681|NEST_HUMAN(pre=K,post=F)"""	0.3137254901960784	0.2857142857142857	0.3288649420826923	0.5925265998396527	
01277_A01_P013129_S00_N01_R1	controllerType=0 controllerNumber=1 scan=27578	1	1	27578	4681.71324	NLPFTPILASVNR	721.410949707031	2+	47.9406	0.9179	0.0234	0.0	0.6403	0.8395	0.7258	28.6997	28.6997	0.03913	0	"""sp|Q8WWI5|CTL1_HUMAN(pre=R,post=L)"""	0.2413793103448276	0.42	0.1860369011450107	0.7654724871725221	
01277_A01_P013129_S00_N01_R1	controllerType=0 controllerNumber=1 scan=28860	1	1	28860	4814.9862	MSVQNLATVFGPNILRPK	662.3747	3+	47.7729	0.8485	0.1074	0.0	0.4374	0.2696	0.3856	10.7421	10.4173	0.03953	0	"""sp|Q8N264|RHG24_HUMAN(pre=K,post=V)"""	0.6086956521739131	0.1555555555555555	0.7515481168126391	0.2463102099095631	
01277_A01_P013129_S00_N01_R1	controllerType=0 controllerNumber=1 scan=35182	1	1	35182	5559.7731	LQIAQLYPISIFIKPK	624.718322753906	3+	47.6178	0.9644	0.0169	0.0	0.7622	0.8978	0.8637	23.0822	6.0365	0.03953	0	"""sp|Q12959|DLG1_HUMAN(pre=R,post=S)"""	0.6666666666666666	0.1739130434782608	0.8498060300777738	0.4299422097005111	
01277_A01_P013129_S00_N01_R1	controllerType=0 controllerNumber=1 scan=31501	1	1	31501	5087.86326	HLAPPGLHPVPGGVFPVPPAAVVLMK	866.500732421875	3+	47.2848	0.8751	0.0637	0.0	0.4056	0.6741	0.6008	9.3413	5.6571	0.04043	0	"""sp|Q12996|CSTF3_HUMAN(pre=R,post=L)"""	0.4444444444444444	0.1176470588235294	0.141706612674225	0.3273690223127487	
01277_A01_P013129_S00_N01_R1	controllerType=0 controllerNumber=1 scan=29320	1	1	29320	4861.59924	LQQAQLYPIAIFIKPK	624.379455566406	3+	47.2594	0.9165	0.0468	0.0	0.5874	0.7645	0.7187	17.9003	16.1528	0.04043	0	"""sp|Q92796|DLG3_HUMAN(pre=R,post=S)"""	0.5714285714285714	0.1791044776119403	0.5874832742821142	0.3867700994748535	
01277_A01_P013129_S00_N01_R1	controllerType=0 controllerNumber=1 scan=5737	1	1	5737	1622.58546	GLSATVTGGQK	509.780792236328	2+	46.9055	0.9	0.0536	0.0	0.7857	0.7788	0.6767	40.108	13.8666	0.04075	0	"""sp|P60201|MYPR_HUMAN(pre=K,post=G)"""	0.3333333333333333	0.1129032258064516	0.334416605912704	0.4643220770488054	
01277_A01_P013129_S00_N01_R1	controllerType=0 controllerNumber=1 scan=19121	1	1	19121	3808.45446	MSQLPMPGGTAPSPLRPWAPQIK	831.432434082031	3+	46.849	0.6424	0.1139	0.0002	0.2941	0.365	0.4336	12.6047	10.1946	0.04075	2/0,M,Oxidation/5,M,Oxidation	"""sp|O14994|SYN3_HUMAN(pre=K,post=S)"""	0.32	0.1777777777777777	0.4980052070096025	0.4519053810421274	
01277_A01_P013129_S00_N01_R1	controllerType=0 controllerNumber=1 scan=13298	1	1	13298	3183.00858	SYVSSGEMMVGGLAPGRR	629.302551269531	3+	46.6862	0.9141	0.0334	0.0	0.6813	0.732	0.6827	20.2805	15.1164	0.04075	2/7,M,Oxidation/8,M,Oxidation	"""sp|P14136|GFAP_HUMAN(pre=R,post=L)"""	0.5	0.1733333333333333	0.5985980828180587	0.6317627639264829	
01277_A01_P013129_S00_N01_R1	controllerType=0 controllerNumber=1 scan=17243	1	1	17243	3616.48314	LQSSASSIHSLQQQLKL	623.346618652344	3+	46.4713	0.9769	0.0112	0.0	0.8882	0.9435	0.9008	21.948	21.58	0.04114	0	"""sp|Q8IX04|UEVLD_HUMAN(pre=K,post=-)"""	0.3265306122448979	0.1720430107526881	0.369806203260686	0.5100436208567848	
01277_A01_P013129_S00_N01_R1	controllerType=0 controllerNumber=1 scan=18128	1	1	18128	3707.34852	GTQSLPTASASKFPSSGPVTPQPTALTFAK	992.19140625	3+	46.2331	0.9517	0.0361	0.0	0.6703	0.6829	0.7054	12.297	6.6163	0.04114	0	"""sp|Q9Y679|AUP1_HUMAN(pre=K,post=S)"""	0.7222222222222222	0.1214953271028037	0.8231227803889335	0.204883260169194	
01277_A01_P013129_S00_N01_R1	controllerType=0 controllerNumber=1 scan=33527	1	1	33527	5296.10406	GANAGVQTFLGIPFAKPPLGPLR	774.444519042969	3+	45.7149	0.9847	0.0092	0.0	0.7455	0.9558	0.8975	9.1194	8.8189	0.04303	0	"""sp|O00748|EST2_HUMAN(pre=K,post=F)"""	0.625	0.0961538461538461	0.7229739116824124	0.1281349584762859	
01277_A01_P013129_S00_N01_R1	controllerType=0 controllerNumber=1 scan=22654	1	1	22654	4169.45382	CLQIGYPTVASVPHSIINGYKR	825.102905273438	3+	45.2822	0.8627	0.0497	0.0002	0.6684	0.683	0.6481	18.6123	11.8671	0.04388	1/0,C,CAM	"""sp|P05388|RLA0_HUMAN(pre=V,post=V)"""	0.1862745098039215	0.2	0.1872713608307114	0.6108770360232628	
01277_A01_P013129_S00_N01_R1	controllerType=0 controllerNumber=1 scan=13892	1	1	13892	3252.2607	WKPPMIDNPSYQGIWKPR	743.71533203125	3+	44.8228	0.8842	0.0501	0.0	0.8906	0.7859	0.821	9.8021	8.5405	0.0453	1/4,M,Oxidation	"""sp|P27824|CALX_HUMAN(pre=K,post=K)"""	0.3050847457627119	0.1651376146788991	0.59745533866038	0.375658553894177	
01277_A01_P013129_S00_N01_R1	controllerType=0 controllerNumber=1 scan=14005	1	1	14005	3266.235	KLWSTFHRPELVRPALENSLK	505.0883	5+	44.6178	0.9644	0.0227	0.0	0.7832	0.8446	0.8193	16.9388	10.1946	0.04614	0	"""sp|P42330|AK1C3_HUMAN(pre=S,post=K)"""	0.3	0.1411764705882353	0.2955437276289311	0.3591700055096184	
01277_A01_P013129_S00_N01_R1	controllerType=0 controllerNumber=1 scan=23275	1	1	23275	4234.90086	NTVLVLNTQSLVFVQTDKPMYKPGQTVR	1059.57897949219	3+	44.5113	0.9908	0.0049	0.0	0.9333	0.9744	0.9545	24.7049	8.0551	0.04614	0	"""sp|P20742|PZP_HUMAN(pre=R,post=F)"""	0.8181818181818182	0.0584415584415584	0.9416227405701356	0.182951985439792	
01277_A01_P013129_S00_N01_R1	controllerType=0 controllerNumber=1 scan=26844	1	1	26844	4604.52042	SKGVFVQSVLPYFVATK	624.022338867188	3+	44.3432	0.8864	0.0314	0.0	0.3316	0.7336	0.3985	21.5886	14.9587	0.04658	0	"""sp|Q53GQ0|DHB12_HUMAN(pre=R,post=L)"""	0.2159090909090909	0.240506329113924	0.215282298614659	0.5452081966519361	
01277_A01_P013129_S00_N01_R1	controllerType=0 controllerNumber=1 scan=25851	1	1	25851	4498.9005	KGFSYLVTGVTTVGVAYAAK	678.0432	3+	44.1191	0.7235	0.0784	0.0002	0.0909	0.4092	0.1023	9.5512	9.4456	0.04739	0	"""sp|P0C7P4|UCRIL_HUMAN(pre=R,post=N)"""	0.25	0.2307692307692307	0.2957262427105301	0.515381525174105	
01277_A01_P013129_S00_N01_R1	controllerType=0 controllerNumber=1 scan=24892	1	1	24892	4402.5843	GIRPAINVGLSVSR	480.289184570313	3+	44.0407	0.9393	0.0277	0.0001	0.5273	0.8392	0.5847	23.5177	23.0302	0.04785	0	"""sp|P25705|ATPA_HUMAN(pre=K,post=V)"""	0.3142857142857143	0.1549295774647887	0.4283205165640955	0.5172128491543809	
01277_A01_P013129_S00_N01_R1	controllerType=0 controllerNumber=1 scan=23315	1	1	23315	4239.1407	IIKPCNHVLSLSFPIR	474.275299072266	3+	43.6657	0.9394	0.0133	0.0	0.9363	0.9002	0.9386	26.6233	22.8024	0.04966	1/4,C,CAM	"""sp|P00367|DHE3_HUMAN(pre=R,post=R)"""	0.3777777777777777	0.2023809523809523	0.5913020184267559	0.633255340766194	
01277_A01_P013129_S00_N01_R1	controllerType=0 controllerNumber=1 scan=32669	1	1	32669	5205.22746	NSGVPAFLTPLLR	692.90478515625	2+	43.1804	0.9918	0.0066	0.0	0.8095	0.9881	0.9625	9.7904	8.6596	0.05139	0	"""sp|P42858|HD_HUMAN(pre=R,post=N)"""	0.3076923076923077	0.2	0.3412177542988936	0.6135671528831836	
01277_A01_P013129_S00_N01_R1	controllerType=0 controllerNumber=1 scan=18885	1	1	18885	3783.82602	GGLGVGEPGPLGGGGSGGPQMGLPPPPPALRPR	1001.52691650391	4+	43.0517	0.9493	0.0159	0.0	0.6059	0.9023	0.5321	21.9222	17.9549	0.0518	1/20,M,Oxidation	"""sp|O14908|GIPC1_HUMAN(pre=R,post=L)"""	0.1758241758241758	0.1481481481481481	0.1002480317181	0.3275843546165972	
01277_A01_P013129_S00_N01_R1	controllerType=0 controllerNumber=1 scan=24666	1	1	24666	4379.57358	QYKPVVYSNTIQSLAAIVR	717.4055	3+	42.958	0.9846	0.0055	0.0	0.9167	0.9665	0.843	21.9591	20.1929	0.05225	0	"""sp|P09471|GNAO_HUMAN(pre=K,post=A)"""	0.2571428571428571	0.1125	0.1531049679884935	0.455716292783872	
01277_A01_P013129_S00_N01_R1	controllerType=0 controllerNumber=1 scan=29762	1	1	29762	4907.21592	SLSPFYLRPPSFLR	560.648498535156	3+	42.7364	0.514	0.2513	0.0	-0.1888	-0.4455	-0.5658	21.6451	18.6588	0.05263	0	"""sp|P02511|CRYAB_HUMAN(pre=T,post=A)"""	0.4615384615384615	0.2142857142857142	0.1760229797782437	0.5386067161053787	
01277_A01_P013129_S00_N01_R1	controllerType=0 controllerNumber=1 scan=29575	1	1	29575	4888.04652	VLGFCQLNLPSGKFPR	611.667358398438	3+	42.3278	0.8687	0.1192	0.0002	0.5515	0.6151	0.5538	12.4191	11.8095	0.05442	1/4,C,CAM	"""sp|P50993|AT1A2_HUMAN(pre=R,post=G)"""	0.5555555555555556	0.1282051282051282	0.7669045530687433	0.469195996848241	
01277_A01_P013129_S00_N01_R1	controllerType=0 controllerNumber=1 scan=16145	1	1	16145	3500.00634	GSVSQPSTPSPPKPTGIFQTSANSSFEPVK	1020.51806640625	3+	41.7789	0.9259	0.0457	0.0	0.7212	0.7865	0.7782	10.8607	10.1946	0.05759	0	"""sp|O15027|SC16A_HUMAN(pre=R,post=S)"""	0.5882352941176471	0.1298701298701298	0.7691546894232681	0.2448656190996676	
01277_A01_P013129_S00_N01_R1	controllerType=0 controllerNumber=1 scan=18924	1	1	18924	3787.79346	CLVTVSIGGHGLGACLGPR	642.003112792969	3+	41.6502	0.9555	0.0135	0.0001	0.8182	0.9375	0.8653	18.1496	18.1496	0.05832	2/0,C,CAM/14,C,CAM	"""sp|Q14315|FLNC_HUMAN(pre=K,post=I)"""	0.625	0.125	0.8196386906639833	0.3481364699984014	
01277_A01_P013129_S00_N01_R1	controllerType=0 controllerNumber=1 scan=13814	1	1	13814	3243.13404	WKPPMIDNPSYQGIWKPR	558.0391	4+	41.5613	0.9738	0.0163	0.0	0.9195	0.9498	0.967	10.8182	4.6056	0.05832	1/4,M,Oxidation	"""sp|P27824|CALX_HUMAN(pre=K,post=K)"""	0.2022471910112359	0.1875	0.2231854215061408	0.2619049634640101	
01277_A01_P013129_S00_N01_R1	controllerType=0 controllerNumber=1 scan=25028	1	1	25028	4416.6582	KVMVLDFVTPTPLGTR	592.0037	3+	41.5156	0.7923	0.105	0.0	0.65	0.4499	0.595	11.1207	10.1946	0.05832	0	"""sp|Q16881|TRXR1_HUMAN(pre=K,post=W)"""	0.3103448275862069	0.1698113207547169	0.2245067539315828	0.4704314828499951	
01277_A01_P013129_S00_N01_R1	controllerType=0 controllerNumber=1 scan=29935	1	1	29935	4924.23306	VISGVLQLGNIVFKK	539.0029296875	3+	41.315	0.8355	0.0453	0.0	0.5253	0.6106	0.2273	14.4687	12.9042	0.0591	0	"""sp|P35579|MYH9_HUMAN(pre=R,post=E)"""	0.2592592592592592	0.1443298969072164	0.2372734347931901	0.5440664432070678	
01277_A01_P013129_S00_N01_R1	controllerType=0 controllerNumber=1 scan=19273	1	1	19273	3824.46174	WKPPMIDNPSYQGIWKPR	554.041442871094	4+	40.8309	0.9535	0.0274	0.0002	0.8211	0.8567	0.7231	14.4647	8.8189	0.06076	0	"""sp|P27824|CALX_HUMAN(pre=K,post=K)"""	0.2753623188405797	0.1919191919191919	0.2796059280283921	0.5001942476737625	
01277_A01_P013129_S00_N01_R1	controllerType=0 controllerNumber=1 scan=11060	1	1	11060	2872.66746	KKLYCIYVAIGQK	528.639038085938	3+	40.8282	0.9842	0.0109	0.0	0.9286	0.9557	0.9073	13.5056	10.6307	0.06076	1/4,C,CAM	"""sp|P25705|ATPA_HUMAN(pre=K,post=R)"""	0.28	0.1228070175438596	0.4384533348098199	0.3600345224046526	
01277_A01_P013129_S00_N01_R1	controllerType=0 controllerNumber=1 scan=27279	1	1	27279	4651.0008	TFIGPGGNMPGYLRPETAQGIFLNFKR	994.521423339844	3+	40.7994	0.9906	0.005	0.0	0.8571	0.9861	0.9652	21.9356	15.6162	0.06168	0	"""sp|P41250|GARS_HUMAN(pre=K,post=L)"""	0.125	0.2962962962962963	0.0859703303953949	0.783325369343658	
01277_A01_P013129_S00_N01_R1	controllerType=0 controllerNumber=1 scan=11213	1	1	11213	2897.61408	TINVYPNFRPTPK	516.285583496094	3+	40.724	0.9664	0.0099	0.0	0.5667	0.9399	0.6494	11.1207	11.1207	0.06291	0	"""sp|O95168|NDUB4_HUMAN(pre=R,post=N)"""	0.4736842105263157	0.0967741935483871	0.6814464986923039	0.4455007437362422	
01277_A01_P013129_S00_N01_R1	controllerType=0 controllerNumber=1 scan=28375	1	1	28375	4765.06686	QWSPCVAPLRLPGGPTGLQPFR	812.0968	3+	40.6648	0.7819	0.0731	0.0001	0.6992	0.5986	0.6772	12.2256	9.6914	0.06291	1/4,C,CAM	"""sp|O94819|KBTBB_HUMAN(pre=K,post=C)"""	0.202020202020202	0.2857142857142857	0.1702341749939729	0.5201451732846064	
01277_A01_P013129_S00_N01_R1	controllerType=0 controllerNumber=1 scan=25006	1	1	25006	4414.67358	HTGPGILSMANAGPNTNGSQFFICTAK	931.118225097656	3+	40.4014	0.955	0.056	0.0	0.9643	0.9491	0.9763	8.8189	8.2984	0.06373	1/23,C,CAM	"""sp|P62937|PPIA_HUMAN(pre=K,post=T)"""	1.0	0.0434782608695652	1.0	0.1619814507407677	
01277_A01_P013129_S00_N01_R1	controllerType=0 controllerNumber=1 scan=23672	1	1	23672	4276.66746	NWRPQLLVLVR	465.2868	3+	40.2548	0.8207	0.0519	0.0	0.6286	0.5741	0.6163	25.9561	15.4612	0.06414	0	"""sp|Q9H2X9|S12A5_HUMAN(pre=K,post=V)"""	0.3061224489795918	0.1829268292682926	0.2036661385322103	0.5400461134616793	
01277_A01_P013129_S00_N01_R1	controllerType=0 controllerNumber=1 scan=30462	1	1	30462	4980.09402	AKVAVLGASGGIGQPLSLLLK	664.747619628906	3+	40.0022	0.9936	0.0016	0.0	0.8741	0.9882	0.9153	5.1502	2.7146	0.06536	0	"""sp|P40926|MDHM_HUMAN(pre=N,post=N)"""	0.3243243243243243	0.1224489795918367	0.4286548829694987	0.4701103442734592	
01277_A01_P013129_S00_N01_R1	controllerType=0 controllerNumber=1 scan=24297	1	1	24297	4341.83088	LREELKPIAFAR	721.929870605469	2+	39.9268	0.4247	0.1701	0.0002	0.4929	0.2438	0.4189	17.441	12.5507	0.06536	0	"""sp|P11182|ODB2_HUMAN(pre=K,post=G)"""	0.1744186046511628	0.1973684210526315	0.2986640264076333	0.7036979453348157	
01277_A01_P013129_S00_N01_R1	controllerType=0 controllerNumber=1 scan=12762	1	1	12762	3120.05502	ASAATTAILIAR	579.846313476563	2+	39.5743	0.4756	0.2389	0.0003	-0.0333	-0.2788	-0.4143	19.507	18.5171	0.06831	0	"""sp|P07093|GDN_HUMAN(pre=K,post=S)"""	0.36	0.1384615384615384	0.1760673101495981	0.365451478331843	
01277_A01_P013129_S00_N01_R1	controllerType=0 controllerNumber=1 scan=16133	1	1	16133	3498.83598	AKRPLMVLGSQALLTPTSADKLR	494.091705322266	5+	39.3037	0.8167	0.0466	0.0002	0.6965	0.5996	0.6729	3.5076	1.979	0.06932	0	"""sp|A1L0T0|ILVBL_HUMAN(pre=R,post=A)"""	0.2835820895522388	0.2289156626506024	0.3452151358524792	0.4073490761915029	
01277_A01_P013129_S00_N01_R1	controllerType=0 controllerNumber=1 scan=24648	1	1	24648	4377.91356	LREELKPIAFAR	721.929809570313	2+	39.2634	0.3985	0.2066	0.0001	0.478	0.1539	0.3892	13.879	12.5193	0.06932	0	"""sp|P11182|ODB2_HUMAN(pre=K,post=G)"""	0.2	0.1710526315789473	0.3073151617716203	0.6913886603567748	
01277_A01_P013129_S00_N01_R1	controllerType=0 controllerNumber=1 scan=10200	1	1	10200	2721.18042	KQGGLGPMNIPLVSDPKR	481.518127441406	4+	38.7471	0.5917	0.1747	0.0001	0.2606	-0.0744	0.1288	4.8175	4.7835	0.07222	1/7,M,Oxidation	"""sp|Q06830|PRDX1_HUMAN(pre=K,post=T)"""	0.3333333333333333	0.1282051282051282	0.5058520397828704	0.3969109873659686	
01277_A01_P013129_S00_N01_R1	controllerType=0 controllerNumber=1 scan=19665	1	1	19665	3863.4567	WKPPMIDNPSYQGIWKPR	554.040893554688	4+	38.5641	0.9519	0.0287	0.0	0.8681	0.8426	0.8158	11.2681	10.6307	0.07428	0	"""sp|P27824|CALX_HUMAN(pre=K,post=K)"""	0.25	0.1414141414141414	0.1883478916468958	0.4050769918745228	
01277_A01_P013129_S00_N01_R1	controllerType=0 controllerNumber=1 scan=31633	1	1	31633	5101.04094	YQNIWNINLQLRPSLITGIMK	844.469848632813	3+	38.0811	0.9855	0.0069	0.0002	0.4643	0.9676	0.6723	4.1542	4.1196	0.07615	1/19,M,Oxidation	"""sp|Q9Y2Q3|GSTK1_HUMAN(pre=R,post=D)"""	0.6363636363636364	0.0921052631578947	0.7327474363543178	0.1910035169217919	
01277_A01_P013129_S00_N01_R1	controllerType=0 controllerNumber=1 scan=7894	1	1	7894	2240.23164	YQYGGLNSGRPVTPPR	587.972900390625	3+	37.9285	0.9322	0.0758	0.0	0.9	0.7933	0.6841	18.6405	13.5211	0.07741	0	"""sp|P62140|PP1B_HUMAN(pre=K,post=T)"""	0.4166666666666667	0.0555555555555555	0.4332899713482099	0.4502740052613761	
01277_A01_P013129_S00_N01_R1	controllerType=0 controllerNumber=1 scan=19207	1	1	19207	3817.19652	SQEGRPVQVIGALIGK	551.326171875	4+	36.9366	0.8092	0.0731	0.0003	0.4706	0.5818	0.4135	14.0501	13.2004	0.08701	0	"""sp|Q7L5N1|CSN6_HUMAN(pre=R,post=Q)"""	0.2741935483870967	0.17	0.2263638110504007	0.449650511029749	
01277_A01_P013129_S00_N01_R1	controllerType=0 controllerNumber=1 scan=19530	1	1	19530	3850.08054	GPQAAVASQNYTPKPTVSTPTVNAVQPGAVGPSNELPGMSGRGAQLFAK	1216.88317871094	4+	36.8405	0.935	0.0318	0.0001	0.6636	0.812	0.7329	17.0228	0.0	0.08783	1/38,M,Oxidation	"""sp|Q9UMS6|SYNP2_HUMAN(pre=K,post=R)"""	0.7857142857142857	0.127906976744186	0.7506883900183435	0.3440411202725743	
01277_A01_P013129_S00_N01_R1	controllerType=0 controllerNumber=1 scan=19771	1	1	19771	3874.01484	TVATPLNQVANPNSAIFGGARPR	784.421569824219	5+	36.3666	0.9346	0.0237	0.0001	0.5821	0.8557	0.6256	21.3553	21.2152	0.09404	0	"""sp|Q15056|IF4H_HUMAN(pre=R,post=E)"""	0.2419354838709677	0.1229508196721311	0.2013067718312609	0.3723808465373904	
01277_A01_P013129_S00_N01_R1	controllerType=0 controllerNumber=1 scan=20729	1	1	20729	3971.34516	SMALPTQAQVVICGGGITGTSVAYHLSK	954.824890136719	3+	35.6835	0.9868	0.0049	0.0	0.8929	0.9826	0.8745	4.2986	2.5847	0.1031	2/1,M,Oxidation/12,C,CAM	"""sp|Q8NCN5|PDPR_HUMAN(pre=R,post=M)"""	0.5833333333333334	0.0823529411764705	0.8568868780146852	0.2639013396630179	
01277_A01_P013129_S00_N01_R1	controllerType=0 controllerNumber=1 scan=13322	1	1	13322	3185.7873	FRPTLVFR	518.308776855469	2+	35.5482	0.9296	0.0342	0.0	0.9643	0.9324	0.7769	14.9581	13.9904	0.10462	0	"""sp|P80404|GABT_HUMAN(pre=R,post=D)"""	0.3684210526315789	0.1029411764705882	0.6045854193790455	0.5305783668507646	
01277_A01_P013129_S00_N01_R1	controllerType=0 controllerNumber=1 scan=23604	1	1	23604	4269.12	DVSLLTQK	903.511962890625	2+	35.117	0.8701	0.1463	0.0007	-0.1	-0.1873	-0.2791	16.2842	7.925	0.11207	0	"""sp|Q96DG6|CMBL_HUMAN(pre=K,post=L)"""	0.4166666666666667	0.1	0.3192796395834627	0.4674612102609439	
01277_A01_P013129_S00_N01_R1	controllerType=0 controllerNumber=1 scan=23755	1	1	23755	4285.22898	TIIPLATAPNVQQIQVPGSK	1038.1014	2+	35.0681	0.9449	0.0166	0.0	0.4727	0.9379	0.5699	14.5004	3.5364	0.11279	0	"""sp|Q6MZP7|LIN54_HUMAN(pre=K,post=F)"""	0.8461538461538461	0.1067961165048543	0.9518907784612508	0.3636766687621278	
01277_A01_P013129_S00_N01_R1	controllerType=0 controllerNumber=1 scan=20769	1	1	20769	3975.36318	VQSAAPARPGPAAHVYPAGSQVMMIPSQISYPASQGAYYIPGQGR	1165.58569335938	4+	34.2967	0.9948	0.0017	0.0	0.8929	0.9931	0.9482	12.2237	10.5643	0.12029	2/22,M,Oxidation/23,M,Oxidation	"""sp|Q04637|IF4G1_HUMAN(pre=R,post=S)"""	0.6363636363636364	0.0642201834862385	0.7451308568581161	0.2821251725989567	
01277_A01_P013129_S00_N01_R1	controllerType=0 controllerNumber=1 scan=6432	1	1	6432	1826.6499	DNIQGITKPAIRR	494.623718261719	6+	30.6385	0.8609	0.0927	0.0	0.6905	0.496	0.5734	6.5518	6.0843	0.17512	0	"""sp|P62805|H4_HUMAN(pre=R,post=L)"""	0.25	0.0975609756097561	0.1751342706968806	0.4038953678261496	
01277_A01_P013129_S00_N01_R1	controllerType=0 controllerNumber=1 scan=23180	1	1	23180	4225.63128	IGYPKPALLHSTFFPALQGAQTK	622.096740722656	4+	30.3897	0.3262	0.156	0.0	0.6018	-0.0834	0.357	5.5972	4.7835	0.17974	0	"""sp|P23381|SYWC_HUMAN(pre=R,post=M)"""	0.2753623188405797	0.2159090909090909	0.3454110062746113	0.4401752633578326	
01277_A01_P013129_S00_N01_R1	controllerType=0 controllerNumber=1 scan=30496	1	1	30496	4983.66414	GGVLPNIQAVLLPK	709.9435	2+	28.2975	0.7783	0.0922	0.0001	0.6848	0.5995	0.6958	9.4456	9.4456	0.21493	0	"""sp|Q99878|H2A1J_HUMAN(pre=Q,post=K)"""	0.5882352941176471	0.1111111111111111	0.5241169389195358	0.3018455435020147	
01277_A01_P013129_S00_N01_R1	controllerType=0 controllerNumber=1 scan=15006	1	1	15006	3377.43012	QTWHVSCFVCVACGKPIR	552.018859863281	4+	28.2974	0.9094	0.077	0.0	0.5333	0.375	0.3223	11.1207	6.9783	0.21493	3/6,C,CAM/9,C,CAM/12,C,CAM	"""sp|Q96HC4|PDLI5_HUMAN(pre=K,post=N)"""	0.1956521739130435	0.1636363636363636	0.1566038496306558	0.4654121897462006	
01277_A01_P013129_S00_N01_R1	controllerType=0 controllerNumber=1 scan=16722	1	1	16722	3560.94504	IHPVDKLTIQGLKDFTPGKPLK	489.892333984375	5+	27.0785	0.9552	0.0294	0.0	0.6813	0.8948	0.7675	9.4456	6.7276	0.23773	0	"""sp|Q99798|ACON_HUMAN(pre=K,post=C)"""	0.1969696969696969	0.1566265060240964	0.166893807216017	0.4112769341611793	
01277_A01_P013129_S00_N01_R1	controllerType=0 controllerNumber=1 scan=22101	1	1	22101	4112.17794	SLNLTFATPLQPQSVQRPGLAR	798.7822265625	3+	23.6994	0.993	0.0075	0.0	1.0	0.9692	0.9392	10.1946	3.0078	0.31422	0	"""sp|Q96BT3|CENPT_HUMAN(pre=R,post=R)"""	0.0784313725490196	0.2857142857142857	0.0362420776730345	0.6148171300163282	
01277_A01_P013129_S00_N01_R1	controllerType=0 controllerNumber=1 scan=15569	1	1	15569	3439.551	VICILSHPIKNTNDANSCQIIIPQNQVNR	840.6909	4+	22.5632	0.9751	0.0096	0.0	0.7857	0.9648	0.9041	0.0	0.0	0.36403	2/2,C,CAM/17,C,CAM	"""sp|P50395|GDIB_HUMAN(pre=R,post=K)"""	0.875	0.0769230769230769	0.9701265636277636	0.101872569477411	
01277_A01_P013129_S00_N01_R1	controllerType=0 controllerNumber=1 scan=29417	1	1	29417	4871.48238	RGTSELDRPLQGTLTLLR	676.0528	3+	22.184	0.9784	0.0063	0.0002	0.5253	0.9766	0.7124	17.0748	13.0742	0.3705	0	"""sp|Q70EL4|UBP43_HUMAN(pre=R,post=S)"""	0.1891891891891892	0.14	0.2450911046052	0.6939176998744271	
01277_A01_P013129_S00_N01_R1	controllerType=0 controllerNumber=1 scan=21276	1	1	21276	4027.46016	IAKPLSSLTPLIAAAK	797.502319335938	2+	22.0842	0.9852	0.0029	0.0	0.965	0.9939	0.913	9.1194	1.979	0.37405	0	"""sp|Q13153|PAK1_HUMAN(pre=K,post=E)"""	0.8	0.15	0.9532571727726024	0.5024491754181739	
01277_A01_P013129_S00_N01_R1	controllerType=0 controllerNumber=1 scan=28927	1	1	28927	4821.4449	SLVTVLGIPQKPIITGYK	643.063598632813	3+	21.3938	0.9061	0.0648	0.0	0.8571	0.7783	0.9061	12.8022	6.9712	0.4007	0	"""sp|Q8N126|CADM3_HUMAN(pre=K,post=S)"""	0.2592592592592592	0.0972222222222222	0.1044119647802313	0.3784348232005696	
01277_A01_P013129_S00_N01_R1	controllerType=0 controllerNumber=1 scan=13371	1	1	13371	3191.70288	GLVTVKPCYNYCSNIMR	692.334716796875	3+	20.3418	0.9397	0.0436	0.0	0.8	0.8744	0.6727	5.1589	4.4511	0.44411	2/7,C,CAM/11,C,CAM	"""sp|O75487|GPC4_HUMAN(pre=R,post=G)"""	0.8	0.2222222222222222	0.922479897864318	0.3564107702588244	
01277_A01_P013129_S00_N01_R1	controllerType=0 controllerNumber=1 scan=22117	1	1	22117	4113.86556	RQQLLQEQQLR	720.400329589844	3+	20.2415	0.9607	0.0286	0.0002	0.8	0.9184	0.6969	14.6655	13.0528	0.44794	0	"""sp|O95819|M4K4_HUMAN(pre=R,post=E)"""	0.0714285714285714	0.074074074074074	0.1262362191249627	0.6689136906072051	
01277_A01_P013129_S00_N01_R1	controllerType=0 controllerNumber=1 scan=28393	1	1	28393	4766.7243	IRNDEELNKLLGR	785.435546875	3+	20.2385	0.9551	0.0305	0.0006	0.9	0.9607	0.8113	10.6307	10.6307	0.44833	0	"""sp|P04908|H2A1B_HUMAN(pre=A,post=V)"""	0.131578947368421	0.053763440860215	0.126517329068628	0.4681166764286821	
01277_A01_P013129_S00_N01_R1	controllerType=0 controllerNumber=1 scan=27511	1	1	27511	4674.8754	LEALKENGGAR	1157.61791992188	3+	20.1393	0.9433	0.0415	0.0004	0.5	0.9572	0.5468	8.5405	8.5405	0.45267	0	"""sp|P02647|APOA1_HUMAN(pre=R,post=L)"""	0.0566037735849056	0.0789473684210526	0.1282867352800684	0.8536345994110913	
01277_A01_P013129_S00_N01_R1	controllerType=0 controllerNumber=1 scan=26845	1	1	26845	4604.60106	TLSLSGNQLGALPPQLCSLR	1063.07556152344	4+	19.6037	0.9468	0.0115	0.0	0.8462	0.9217	0.8369	9.4456	9.4456	0.46948	1/16,C,CAM	"""sp|Q8N9N7|LRC57_HUMAN(pre=K,post=H)"""	0.1666666666666666	0.1558441558441558	0.1493384795804927	0.6389333395135713	
01277_A01_P013129_S00_N01_R1	controllerType=0 controllerNumber=1 scan=20232	1	1	20232	3921.16632	IWDILGDRPSLVHSR	882.4853515625	3+	19.5954	0.9873	0.0184	0.0005	1.0	0.9768	0.9975	19.0797	18.6694	0.4695	0	"""sp|Q13610|PWP1_HUMAN(pre=K,post=D)"""	0.0666666666666666	0.0412371134020618	0.1239169706750918	0.6821709007898422	
01277_A01_P013129_S00_N01_R1	controllerType=0 controllerNumber=1 scan=13925	1	1	13925	3255.77418	TVWQYHFR	568.7815	4+	19.4363	0.9591	0.0411	0.0	1.0	0.91	0.8945	10.6307	10.6307	0.47698	0	"""sp|Q06124|PTN11_HUMAN(pre=R,post=T)"""	0.75	0.088235294117647	0.8940039091106071	0.3902145074214802	
01277_A01_P013129_S00_N01_R1	controllerType=0 controllerNumber=1 scan=11542	1	1	11542	2948.04384	TVDATSQIHCIEDFHR	964.949768066406	6+	18.3915	0.9458	0.0967	0.0014	1.0	0.9971	0.9977	9.6843	9.1852	0.50516	1/9,C,CAM	"""sp|Q15654|TRIP6_HUMAN(pre=F,post=K)"""	0.25	0.024	0.2278907732373241	0.1964844463972375	
01277_A01_P013129_S00_N01_R1	controllerType=0 controllerNumber=1 scan=6256	1	1	6256	1777.26798	GAAVSNNIVVRPSR	480.608428955078	2+	16.9195	0.9597	0.0329	0.0	0.3929	0.8951	0.7992	10.1946	8.492	0.53189	0	"""sp|Q92823|NRCAM_HUMAN(pre=R,post=S)"""	0.2258064516129032	0.1489361702127659	0.1301308550296682	0.560362341062355	
01277_A01_P013129_S00_N01_R1	controllerType=0 controllerNumber=1 scan=22760	1	1	22760	4180.1241	NVAQYGLDPATRYPNLNLR	1088.06311035156	4+	15.5421	0.7004	0.113	0.0004	0.5495	0.5554	0.6509	10.3616	10.0607	0.56165	0	"""sp|Q8TDZ2|MICA1_HUMAN(pre=R,post=A)"""	0.1313131313131313	0.1214953271028037	0.0919257650215622	0.7551959678541679	
01277_A01_P013129_S00_N01_R1	controllerType=0 controllerNumber=1 scan=15236	1	1	15236	3404.62362	FHIPSTVYDSAGR	725.360778808594	5+	14.0446	1.0	0.0	0.0	-1.0	-1.0	-1.0	9.4456	9.4456	0.58846	0	"""sp|O75023|LIRB5_HUMAN(pre=K,post=Y)"""	1.0	0.0333333333333333	1.0	0.3969911690988733	
01277_A01_P013129_S00_N01_R1	controllerType=0 controllerNumber=1 scan=12387	1	1	12387	3071.27874	FSRPAQLHIGFQALHQFCAQHGRPPRPR	552.461975097656	6+	12.8953	0.8547	0.0788	0.0001	0.8929	0.6476	0.684	10.6307	7.0423	0.61511	1/17,C,CAM	"""sp|P22314|UBA1_HUMAN(pre=K,post=N)"""	0.2692307692307692	0.0769230769230769	0.2918215050619913	0.3538805758615361	
01277_A01_P013129_S00_N01_R1	controllerType=0 controllerNumber=1 scan=12651	1	1	12651	3105.7452	VGSPERPLSDLGLISYR	929.997802734375	6+	8.2815	0.9493	0.1018	0.0001	1.0	1.0	1.0	7.8524	4.7835	0.84309	0	"""sp|O95251|KAT7_HUMAN(pre=K,post=S)"""	0.0350877192982456	0.028169014084507	0.0547306753723561	0.5793791771314187	
